bioproject_accession	sample_name	library_ID	title	library_strategy	library_source	library_selection	library_layout	platform	instrument_model	design_description	filetype	filename	filename2
PRJNA318647	Andersen-PX179	BGI3-RET6a-PX179	BGI3-RET6a-PX179	WGS	GENOMIC	RANDOM	paired	ILLUMINA	Illumina HiSeq 2500	Nextera Tagmentation	fastq	BGI3-RET6a-PX179-trim-1.fq.gz	BGI3-RET6a-PX179-trim-2.fq.gz
PRJNA318647	Andersen-QX1214	BGI3-RET6a-QX1214	BGI3-RET6a-QX1214	WGS	GENOMIC	RANDOM	paired	ILLUMINA	Illumina HiSeq 2500	Nextera Tagmentation	fastq	BGI3-RET6a-QX1214-trim-1.fq.gz	BGI3-RET6a-QX1214-trim-2.fq.gz
PRJNA318647	Andersen-ECA250	BGI3-RET6b-ECA250	BGI3-RET6b-ECA250	WGS	GENOMIC	RANDOM	paired	ILLUMINA	Illumina HiSeq 2500	Nextera Tagmentation	fastq	BGI3-RET6b-ECA250-trim-1.fq.gz	BGI3-RET6b-ECA250-trim-2.fq.gz
PRJNA318647	Andersen-GXW1	BGI3-RET6b-GXW1	BGI3-RET6b-GXW1	WGS	GENOMIC	RANDOM	paired	ILLUMINA	Illumina HiSeq 2500	Nextera Tagmentation	fastq	BGI3-RET6b-GXW1-trim-1.fq.gz	BGI3-RET6b-GXW1-trim-2.fq.gz
PRJNA318647	Andersen-JU1581	BGI3-RET6b-JU1581	BGI3-RET6b-JU1581	WGS	GENOMIC	RANDOM	paired	ILLUMINA	Illumina HiSeq 2500	Nextera Tagmentation	fastq	BGI3-RET6b-JU1581-trim-1.fq.gz	BGI3-RET6b-JU1581-trim-2.fq.gz
PRJNA318647	Andersen-JU2001	BGI3-RET6b-JU2001	BGI3-RET6b-JU2001	WGS	GENOMIC	RANDOM	paired	ILLUMINA	Illumina HiSeq 2500	Nextera Tagmentation	fastq	BGI3-RET6b-JU2001-trim-1.fq.gz	BGI3-RET6b-JU2001-trim-2.fq.gz
PRJNA318647	Andersen-JU393	BGI3-RET6b-JU393	BGI3-RET6b-JU393	WGS	GENOMIC	RANDOM	paired	ILLUMINA	Illumina HiSeq 2500	Nextera Tagmentation	fastq	BGI3-RET6b-JU393-trim-1.fq.gz	BGI3-RET6b-JU393-trim-2.fq.gz
PRJNA318647	Andersen-JU406	BGI3-RET6b-JU406	BGI3-RET6b-JU406	WGS	GENOMIC	RANDOM	paired	ILLUMINA	Illumina HiSeq 2500	Nextera Tagmentation	fastq	BGI3-RET6b-JU406-trim-1.fq.gz	BGI3-RET6b-JU406-trim-2.fq.gz
PRJNA318647	Andersen-N2	BGI3-RET6b-N2	BGI3-RET6b-N2	WGS	GENOMIC	RANDOM	paired	ILLUMINA	Illumina HiSeq 2500	Nextera Tagmentation	fastq	BGI3-RET6b-N2-trim-1.fq.gz	BGI3-RET6b-N2-trim-2.fq.gz
PRJNA318647	Andersen-PB303	BGI3-RET6b-PB303	BGI3-RET6b-PB303	WGS	GENOMIC	RANDOM	paired	ILLUMINA	Illumina HiSeq 2500	Nextera Tagmentation	fastq	BGI3-RET6b-PB303-trim-1.fq.gz	BGI3-RET6b-PB303-trim-2.fq.gz
PRJNA318647	Andersen-QG538	BGI3-RET6b-QG538	BGI3-RET6b-QG538	WGS	GENOMIC	RANDOM	paired	ILLUMINA	Illumina HiSeq 2500	Nextera Tagmentation	fastq	BGI3-RET6b-QG538-trim-1.fq.gz	BGI3-RET6b-QG538-trim-2.fq.gz
PRJNA318647	Andersen-WN2001	BGI3-RET6b-WN2001	BGI3-RET6b-WN2001	WGS	GENOMIC	RANDOM	paired	ILLUMINA	Illumina HiSeq 2500	Nextera Tagmentation	fastq	BGI3-RET6b-WN2001-trim-1.fq.gz	BGI3-RET6b-WN2001-trim-2.fq.gz
PRJNA318647	Andersen-WN2017	BGI3-RET6b-WN2017	BGI3-RET6b-WN2017	WGS	GENOMIC	RANDOM	paired	ILLUMINA	Illumina HiSeq 2500	Nextera Tagmentation	fastq	BGI3-RET6b-WN2017-trim-1.fq.gz	BGI3-RET6b-WN2017-trim-2.fq.gz
PRJNA318647	Andersen-CB4854	BGI3-RET7a-CB4854	BGI3-RET7a-CB4854	WGS	GENOMIC	RANDOM	paired	ILLUMINA	Illumina HiSeq 2500	Nextera Tagmentation	fastq	BGI3-RET7a-CB4854-trim-1.fq.gz	BGI3-RET7a-CB4854-trim-2.fq.gz
PRJNA318647	Andersen-CX11271	BGI3-RET7a-CX11271	BGI3-RET7a-CX11271	WGS	GENOMIC	RANDOM	paired	ILLUMINA	Illumina HiSeq 2500	Nextera Tagmentation	fastq	BGI3-RET7a-CX11271-trim-1.fq.gz	BGI3-RET7a-CX11271-trim-2.fq.gz
PRJNA318647	Andersen-ED3040	BGI3-RET7a-ED3040	BGI3-RET7a-ED3040	WGS	GENOMIC	RANDOM	paired	ILLUMINA	Illumina HiSeq 2500	Nextera Tagmentation	fastq	BGI3-RET7a-ED3040-trim-1.fq.gz	BGI3-RET7a-ED3040-trim-2.fq.gz
PRJNA318647	Andersen-ED3077	BGI3-RET7a-ED3077	BGI3-RET7a-ED3077	WGS	GENOMIC	RANDOM	paired	ILLUMINA	Illumina HiSeq 2500	Nextera Tagmentation	fastq	BGI3-RET7a-ED3077-trim-1.fq.gz	BGI3-RET7a-ED3077-trim-2.fq.gz
PRJNA318647	Andersen-EG4946	BGI3-RET7a-EG4946	BGI3-RET7a-EG4946	WGS	GENOMIC	RANDOM	paired	ILLUMINA	Illumina HiSeq 2500	Nextera Tagmentation	fastq	BGI3-RET7a-EG4946-trim-1.fq.gz	BGI3-RET7a-EG4946-trim-2.fq.gz
PRJNA318647	Andersen-JU323	BGI3-RET7a-JU323	BGI3-RET7a-JU323	WGS	GENOMIC	RANDOM	paired	ILLUMINA	Illumina HiSeq 2500	Nextera Tagmentation	fastq	BGI3-RET7a-JU323-trim-1.fq.gz	BGI3-RET7a-JU323-trim-2.fq.gz
PRJNA318647	Andersen-JU774	BGI3-RET7a-JU774	BGI3-RET7a-JU774	WGS	GENOMIC	RANDOM	paired	ILLUMINA	Illumina HiSeq 2500	Nextera Tagmentation	fastq	BGI3-RET7a-JU774-trim-1.fq.gz	BGI3-RET7a-JU774-trim-2.fq.gz
PRJNA318647	Andersen-JU847	BGI3-RET7a-JU847	BGI3-RET7a-JU847	WGS	GENOMIC	RANDOM	paired	ILLUMINA	Illumina HiSeq 2500	Nextera Tagmentation	fastq	BGI3-RET7a-JU847-trim-1.fq.gz	BGI3-RET7a-JU847-trim-2.fq.gz
PRJNA318647	Andersen-MY18	BGI3-RET7a-MY18	BGI3-RET7a-MY18	WGS	GENOMIC	RANDOM	paired	ILLUMINA	Illumina HiSeq 2500	Nextera Tagmentation	fastq	BGI3-RET7a-MY18-trim-1.fq.gz	BGI3-RET7a-MY18-trim-2.fq.gz
PRJNA318647	Andersen-NIC200	BGI3-RET7a-NIC200	BGI3-RET7a-NIC200	WGS	GENOMIC	RANDOM	paired	ILLUMINA	Illumina HiSeq 2500	Nextera Tagmentation	fastq	BGI3-RET7a-NIC200-trim-1.fq.gz	BGI3-RET7a-NIC200-trim-2.fq.gz
PRJNA318647	Andersen-PS2025	BGI3-RET7a-PS2025	BGI3-RET7a-PS2025	WGS	GENOMIC	RANDOM	paired	ILLUMINA	Illumina HiSeq 2500	Nextera Tagmentation	fastq	BGI3-RET7a-PS2025-trim-1.fq.gz	BGI3-RET7a-PS2025-trim-2.fq.gz
PRJNA318647	Andersen-QG558	BGI3-RET7a-QG558	BGI3-RET7a-QG558	WGS	GENOMIC	RANDOM	paired	ILLUMINA	Illumina HiSeq 2500	Nextera Tagmentation	fastq	BGI3-RET7a-QG558-trim-1.fq.gz	BGI3-RET7a-QG558-trim-2.fq.gz
PRJNA318647	Andersen-CB4932	BGI3-RET7b-CB4932	BGI3-RET7b-CB4932	WGS	GENOMIC	RANDOM	paired	ILLUMINA	Illumina HiSeq 2500	Nextera Tagmentation	fastq	BGI3-RET7b-CB4932-trim-1.fq.gz	BGI3-RET7b-CB4932-trim-2.fq.gz
PRJNA318647	Andersen-JU1530	BGI3-RET7b-JU1530	BGI3-RET7b-JU1530	WGS	GENOMIC	RANDOM	paired	ILLUMINA	Illumina HiSeq 2500	Nextera Tagmentation	fastq	BGI3-RET7b-JU1530-trim-1.fq.gz	BGI3-RET7b-JU1530-trim-2.fq.gz
PRJNA318647	Andersen-JU1652	BGI3-RET7b-JU1652	BGI3-RET7b-JU1652	WGS	GENOMIC	RANDOM	paired	ILLUMINA	Illumina HiSeq 2500	Nextera Tagmentation	fastq	BGI3-RET7b-JU1652-trim-1.fq.gz	BGI3-RET7b-JU1652-trim-2.fq.gz
PRJNA318647	Andersen-JU367	BGI3-RET7b-JU367	BGI3-RET7b-JU367	WGS	GENOMIC	RANDOM	paired	ILLUMINA	Illumina HiSeq 2500	Nextera Tagmentation	fastq	BGI3-RET7b-JU367-trim-1.fq.gz	BGI3-RET7b-JU367-trim-2.fq.gz
PRJNA318647	Andersen-JU561	BGI3-RET7b-JU561	BGI3-RET7b-JU561	WGS	GENOMIC	RANDOM	paired	ILLUMINA	Illumina HiSeq 2500	Nextera Tagmentation	fastq	BGI3-RET7b-JU561-trim-1.fq.gz	BGI3-RET7b-JU561-trim-2.fq.gz
PRJNA318647	Andersen-QG537	BGI3-RET7b-QG537	BGI3-RET7b-QG537	WGS	GENOMIC	RANDOM	paired	ILLUMINA	Illumina HiSeq 2500	Nextera Tagmentation	fastq	BGI3-RET7b-QG537-trim-1.fq.gz	BGI3-RET7b-QG537-trim-2.fq.gz
PRJNA318647	Andersen-QX1216	BGI3-RET7b-QX1216	BGI3-RET7b-QX1216	WGS	GENOMIC	RANDOM	paired	ILLUMINA	Illumina HiSeq 2500	Nextera Tagmentation	fastq	BGI3-RET7b-QX1216-trim-1.fq.gz	BGI3-RET7b-QX1216-trim-2.fq.gz
PRJNA318647	Andersen-WN2010	BGI3-RET7b-WN2010	BGI3-RET7b-WN2010	WGS	GENOMIC	RANDOM	paired	ILLUMINA	Illumina HiSeq 2500	Nextera Tagmentation	fastq	BGI3-RET7b-WN2010-trim-1.fq.gz	BGI3-RET7b-WN2010-trim-2.fq.gz
PRJNA318647	Andersen-WN2013	BGI3-RET7b-WN2013	BGI3-RET7b-WN2013	WGS	GENOMIC	RANDOM	paired	ILLUMINA	Illumina HiSeq 2500	Nextera Tagmentation	fastq	BGI3-RET7b-WN2013-trim-1.fq.gz	BGI3-RET7b-WN2013-trim-2.fq.gz
PRJNA318647	Andersen-WN2016	BGI3-RET7b-WN2016	BGI3-RET7b-WN2016	WGS	GENOMIC	RANDOM	paired	ILLUMINA	Illumina HiSeq 2500	Nextera Tagmentation	fastq	BGI3-RET7b-WN2016-trim-1.fq.gz	BGI3-RET7b-WN2016-trim-2.fq.gz
PRJNA318647	Andersen-WN2019	BGI3-RET7b-WN2019	BGI3-RET7b-WN2019	WGS	GENOMIC	RANDOM	paired	ILLUMINA	Illumina HiSeq 2500	Nextera Tagmentation	fastq	BGI3-RET7b-WN2019-trim-1.fq.gz	BGI3-RET7b-WN2019-trim-2.fq.gz
PRJNA318647	Andersen-WN2020	BGI3-RET7b-WN2020	BGI3-RET7b-WN2020	WGS	GENOMIC	RANDOM	paired	ILLUMINA	Illumina HiSeq 2500	Nextera Tagmentation	fastq	BGI3-RET7b-WN2020-trim-1.fq.gz	BGI3-RET7b-WN2020-trim-2.fq.gz
PRJNA318647	Andersen-QX1211	Princeton1-PL_1-QX1211	Princeton1-PL_1-QX1211	WGS	GENOMIC	RANDOM	paired	ILLUMINA	Illumina HiSeq 2500	Nextera Tagmentation	fastq	Princeton1-PL_1-QX1211-trim-1.fq.gz	Princeton1-PL_1-QX1211-trim-2.fq.gz
PRJNA318647	Andersen-AB4	Princeton1-PL_10-AB4	Princeton1-PL_10-AB4	WGS	GENOMIC	RANDOM	paired	ILLUMINA	Illumina HiSeq 2500	Nextera Tagmentation	fastq	Princeton1-PL_10-AB4-trim-1.fq.gz	Princeton1-PL_10-AB4-trim-2.fq.gz
PRJNA318647	Andersen-CB4852	Princeton1-PL_10-CB4852	Princeton1-PL_10-CB4852	WGS	GENOMIC	RANDOM	paired	ILLUMINA	Illumina HiSeq 2500	Nextera Tagmentation	fastq	Princeton1-PL_10-CB4852-trim-1.fq.gz	Princeton1-PL_10-CB4852-trim-2.fq.gz
PRJNA318647	Andersen-CX11285	Princeton1-PL_10-CX11285	Princeton1-PL_10-CX11285	WGS	GENOMIC	RANDOM	paired	ILLUMINA	Illumina HiSeq 2500	Nextera Tagmentation	fastq	Princeton1-PL_10-CX11285-trim-1.fq.gz	Princeton1-PL_10-CX11285-trim-2.fq.gz
PRJNA318647	Andersen-ED3040	Princeton1-PL_10-ED3040	Princeton1-PL_10-ED3040	WGS	GENOMIC	RANDOM	paired	ILLUMINA	Illumina HiSeq 2500	Nextera Tagmentation	fastq	Princeton1-PL_10-ED3040-trim-1.fq.gz	Princeton1-PL_10-ED3040-trim-2.fq.gz
PRJNA318647	Andersen-EG4946	Princeton1-PL_10-EG4946	Princeton1-PL_10-EG4946	WGS	GENOMIC	RANDOM	paired	ILLUMINA	Illumina HiSeq 2500	Nextera Tagmentation	fastq	Princeton1-PL_10-EG4946-trim-1.fq.gz	Princeton1-PL_10-EG4946-trim-2.fq.gz
PRJNA318647	Andersen-JU1580	Princeton1-PL_10-JU1580	Princeton1-PL_10-JU1580	WGS	GENOMIC	RANDOM	paired	ILLUMINA	Illumina HiSeq 2500	Nextera Tagmentation	fastq	Princeton1-PL_10-JU1580-trim-1.fq.gz	Princeton1-PL_10-JU1580-trim-2.fq.gz
PRJNA318647	Andersen-AB4	Princeton1-PL_11-AB4	Princeton1-PL_11-AB4	WGS	GENOMIC	RANDOM	paired	ILLUMINA	Illumina HiSeq 2500	Nextera Tagmentation	fastq	Princeton1-PL_11-AB4-trim-1.fq.gz	Princeton1-PL_11-AB4-trim-2.fq.gz
PRJNA318647	Andersen-CB4852	Princeton1-PL_11-CB4852	Princeton1-PL_11-CB4852	WGS	GENOMIC	RANDOM	paired	ILLUMINA	Illumina HiSeq 2500	Nextera Tagmentation	fastq	Princeton1-PL_11-CB4852-trim-1.fq.gz	Princeton1-PL_11-CB4852-trim-2.fq.gz
PRJNA318647	Andersen-CX11285	Princeton1-PL_11-CX11285	Princeton1-PL_11-CX11285	WGS	GENOMIC	RANDOM	paired	ILLUMINA	Illumina HiSeq 2500	Nextera Tagmentation	fastq	Princeton1-PL_11-CX11285-trim-1.fq.gz	Princeton1-PL_11-CX11285-trim-2.fq.gz
PRJNA318647	Andersen-ED3040	Princeton1-PL_11-ED3040	Princeton1-PL_11-ED3040	WGS	GENOMIC	RANDOM	paired	ILLUMINA	Illumina HiSeq 2500	Nextera Tagmentation	fastq	Princeton1-PL_11-ED3040-trim-1.fq.gz	Princeton1-PL_11-ED3040-trim-2.fq.gz
PRJNA318647	Andersen-EG4946	Princeton1-PL_11-EG4946	Princeton1-PL_11-EG4946	WGS	GENOMIC	RANDOM	paired	ILLUMINA	Illumina HiSeq 2500	Nextera Tagmentation	fastq	Princeton1-PL_11-EG4946-trim-1.fq.gz	Princeton1-PL_11-EG4946-trim-2.fq.gz
PRJNA318647	Andersen-JU1580	Princeton1-PL_11-JU1580	Princeton1-PL_11-JU1580	WGS	GENOMIC	RANDOM	paired	ILLUMINA	Illumina HiSeq 2500	Nextera Tagmentation	fastq	Princeton1-PL_11-JU1580-trim-1.fq.gz	Princeton1-PL_11-JU1580-trim-2.fq.gz
PRJNA318647	Andersen-AB4	Princeton1-PL_12-AB4	Princeton1-PL_12-AB4	WGS	GENOMIC	RANDOM	paired	ILLUMINA	Illumina HiSeq 2500	Nextera Tagmentation	fastq	Princeton1-PL_12-AB4-trim-1.fq.gz	Princeton1-PL_12-AB4-trim-2.fq.gz
PRJNA318647	Andersen-DL238	Princeton1-PL_12-DL238	Princeton1-PL_12-DL238	WGS	GENOMIC	RANDOM	paired	ILLUMINA	Illumina HiSeq 2500	Nextera Tagmentation	fastq	Princeton1-PL_12-DL238-trim-1.fq.gz	Princeton1-PL_12-DL238-trim-2.fq.gz
PRJNA318647	Andersen-JU1896	Princeton1-PL_12-JU1896	Princeton1-PL_12-JU1896	WGS	GENOMIC	RANDOM	paired	ILLUMINA	Illumina HiSeq 2500	Nextera Tagmentation	fastq	Princeton1-PL_12-JU1896-trim-1.fq.gz	Princeton1-PL_12-JU1896-trim-2.fq.gz
PRJNA318647	Andersen-JU360	Princeton1-PL_12-JU360	Princeton1-PL_12-JU360	WGS	GENOMIC	RANDOM	paired	ILLUMINA	Illumina HiSeq 2500	Nextera Tagmentation	fastq	Princeton1-PL_12-JU360-trim-1.fq.gz	Princeton1-PL_12-JU360-trim-2.fq.gz
PRJNA318647	Andersen-MY23	Princeton1-PL_12-MY23	Princeton1-PL_12-MY23	WGS	GENOMIC	RANDOM	paired	ILLUMINA	Illumina HiSeq 2500	Nextera Tagmentation	fastq	Princeton1-PL_12-MY23-trim-1.fq.gz	Princeton1-PL_12-MY23-trim-2.fq.gz
PRJNA318647	Andersen-ECA246	Princeton1-PL_13-CB4853	Princeton1-PL_13-CB4853	WGS	GENOMIC	RANDOM	paired	ILLUMINA	Illumina HiSeq 2500	Nextera Tagmentation	fastq	Princeton1-PL_13-CB4853-trim-1.fq.gz	Princeton1-PL_13-CB4853-trim-2.fq.gz
PRJNA318647	Andersen-CB4932	Princeton1-PL_13-CB4932	Princeton1-PL_13-CB4932	WGS	GENOMIC	RANDOM	paired	ILLUMINA	Illumina HiSeq 2500	Nextera Tagmentation	fastq	Princeton1-PL_13-CB4932-trim-1.fq.gz	Princeton1-PL_13-CB4932-trim-2.fq.gz
PRJNA318647	Andersen-CX11292	Princeton1-PL_13-CX11292	Princeton1-PL_13-CX11292	WGS	GENOMIC	RANDOM	paired	ILLUMINA	Illumina HiSeq 2500	Nextera Tagmentation	fastq	Princeton1-PL_13-CX11292-trim-1.fq.gz	Princeton1-PL_13-CX11292-trim-2.fq.gz
PRJNA318647	Andersen-ED3046	Princeton1-PL_13-ED3046	Princeton1-PL_13-ED3046	WGS	GENOMIC	RANDOM	paired	ILLUMINA	Illumina HiSeq 2500	Nextera Tagmentation	fastq	Princeton1-PL_13-ED3046-trim-1.fq.gz	Princeton1-PL_13-ED3046-trim-2.fq.gz
PRJNA318647	Andersen-JU1491	Princeton1-PL_13-JU1491	Princeton1-PL_13-JU1491	WGS	GENOMIC	RANDOM	paired	ILLUMINA	Illumina HiSeq 2500	Nextera Tagmentation	fastq	Princeton1-PL_13-JU1491-trim-1.fq.gz	Princeton1-PL_13-JU1491-trim-2.fq.gz
PRJNA318647	Andersen-JU1581	Princeton1-PL_13-JU1581	Princeton1-PL_13-JU1581	WGS	GENOMIC	RANDOM	paired	ILLUMINA	Illumina HiSeq 2500	Nextera Tagmentation	fastq	Princeton1-PL_13-JU1581-trim-1.fq.gz	Princeton1-PL_13-JU1581-trim-2.fq.gz
PRJNA318647	Andersen-ECA246	Princeton1-PL_14-CB4853	Princeton1-PL_14-CB4853	WGS	GENOMIC	RANDOM	paired	ILLUMINA	Illumina HiSeq 2500	Nextera Tagmentation	fastq	Princeton1-PL_14-CB4853-trim-1.fq.gz	Princeton1-PL_14-CB4853-trim-2.fq.gz
PRJNA318647	Andersen-CB4932	Princeton1-PL_14-CB4932	Princeton1-PL_14-CB4932	WGS	GENOMIC	RANDOM	paired	ILLUMINA	Illumina HiSeq 2500	Nextera Tagmentation	fastq	Princeton1-PL_14-CB4932-trim-1.fq.gz	Princeton1-PL_14-CB4932-trim-2.fq.gz
PRJNA318647	Andersen-CX11292	Princeton1-PL_14-CX11292	Princeton1-PL_14-CX11292	WGS	GENOMIC	RANDOM	paired	ILLUMINA	Illumina HiSeq 2500	Nextera Tagmentation	fastq	Princeton1-PL_14-CX11292-trim-1.fq.gz	Princeton1-PL_14-CX11292-trim-2.fq.gz
PRJNA318647	Andersen-ED3046	Princeton1-PL_14-ED3046	Princeton1-PL_14-ED3046	WGS	GENOMIC	RANDOM	paired	ILLUMINA	Illumina HiSeq 2500	Nextera Tagmentation	fastq	Princeton1-PL_14-ED3046-trim-1.fq.gz	Princeton1-PL_14-ED3046-trim-2.fq.gz
PRJNA318647	Andersen-JU1491	Princeton1-PL_14-JU1491	Princeton1-PL_14-JU1491	WGS	GENOMIC	RANDOM	paired	ILLUMINA	Illumina HiSeq 2500	Nextera Tagmentation	fastq	Princeton1-PL_14-JU1491-trim-1.fq.gz	Princeton1-PL_14-JU1491-trim-2.fq.gz
PRJNA318647	Andersen-JU1581	Princeton1-PL_14-JU1581	Princeton1-PL_14-JU1581	WGS	GENOMIC	RANDOM	paired	ILLUMINA	Illumina HiSeq 2500	Nextera Tagmentation	fastq	Princeton1-PL_14-JU1581-trim-1.fq.gz	Princeton1-PL_14-JU1581-trim-2.fq.gz
PRJNA318647	Andersen-CX11264	Princeton1-PL_15-CX11264	Princeton1-PL_15-CX11264	WGS	GENOMIC	RANDOM	paired	ILLUMINA	Illumina HiSeq 2500	Nextera Tagmentation	fastq	Princeton1-PL_15-CX11264-trim-1.fq.gz	Princeton1-PL_15-CX11264-trim-2.fq.gz
PRJNA318647	Andersen-ED3049	Princeton1-PL_15-ED3049	Princeton1-PL_15-ED3049	WGS	GENOMIC	RANDOM	paired	ILLUMINA	Illumina HiSeq 2500	Nextera Tagmentation	fastq	Princeton1-PL_15-ED3049-trim-1.fq.gz	Princeton1-PL_15-ED3049-trim-2.fq.gz
PRJNA318647	Andersen-JU1530	Princeton1-PL_15-JU1530	Princeton1-PL_15-JU1530	WGS	GENOMIC	RANDOM	paired	ILLUMINA	Illumina HiSeq 2500	Nextera Tagmentation	fastq	Princeton1-PL_15-JU1530-trim-1.fq.gz	Princeton1-PL_15-JU1530-trim-2.fq.gz
PRJNA318647	Andersen-JU1586	Princeton1-PL_15-JU1586	Princeton1-PL_15-JU1586	WGS	GENOMIC	RANDOM	paired	ILLUMINA	Illumina HiSeq 2500	Nextera Tagmentation	fastq	Princeton1-PL_15-JU1586-trim-1.fq.gz	Princeton1-PL_15-JU1586-trim-2.fq.gz
PRJNA318647	Andersen-LSJ1	Princeton1-PL_15-LSJ1	Princeton1-PL_15-LSJ1	WGS	GENOMIC	RANDOM	paired	ILLUMINA	Illumina HiSeq 2500	Nextera Tagmentation	fastq	Princeton1-PL_15-LSJ1-trim-1.fq.gz	Princeton1-PL_15-LSJ1-trim-2.fq.gz
PRJNA318647	Andersen-MY1	Princeton1-PL_15-MY1	Princeton1-PL_15-MY1	WGS	GENOMIC	RANDOM	paired	ILLUMINA	Illumina HiSeq 2500	Nextera Tagmentation	fastq	Princeton1-PL_15-MY1-trim-1.fq.gz	Princeton1-PL_15-MY1-trim-2.fq.gz
PRJNA318647	Andersen-CX11264	Princeton1-PL_16-CX11264	Princeton1-PL_16-CX11264	WGS	GENOMIC	RANDOM	paired	ILLUMINA	Illumina HiSeq 2500	Nextera Tagmentation	fastq	Princeton1-PL_16-CX11264-trim-1.fq.gz	Princeton1-PL_16-CX11264-trim-2.fq.gz
PRJNA318647	Andersen-ED3049	Princeton1-PL_16-ED3049	Princeton1-PL_16-ED3049	WGS	GENOMIC	RANDOM	paired	ILLUMINA	Illumina HiSeq 2500	Nextera Tagmentation	fastq	Princeton1-PL_16-ED3049-trim-1.fq.gz	Princeton1-PL_16-ED3049-trim-2.fq.gz
PRJNA318647	Andersen-JU1530	Princeton1-PL_16-JU1530	Princeton1-PL_16-JU1530	WGS	GENOMIC	RANDOM	paired	ILLUMINA	Illumina HiSeq 2500	Nextera Tagmentation	fastq	Princeton1-PL_16-JU1530-trim-1.fq.gz	Princeton1-PL_16-JU1530-trim-2.fq.gz
PRJNA318647	Andersen-JU1586	Princeton1-PL_16-JU1586	Princeton1-PL_16-JU1586	WGS	GENOMIC	RANDOM	paired	ILLUMINA	Illumina HiSeq 2500	Nextera Tagmentation	fastq	Princeton1-PL_16-JU1586-trim-1.fq.gz	Princeton1-PL_16-JU1586-trim-2.fq.gz
PRJNA318647	Andersen-LSJ1	Princeton1-PL_16-LSJ1	Princeton1-PL_16-LSJ1	WGS	GENOMIC	RANDOM	paired	ILLUMINA	Illumina HiSeq 2500	Nextera Tagmentation	fastq	Princeton1-PL_16-LSJ1-trim-1.fq.gz	Princeton1-PL_16-LSJ1-trim-2.fq.gz
PRJNA318647	Andersen-MY1	Princeton1-PL_16-MY1	Princeton1-PL_16-MY1	WGS	GENOMIC	RANDOM	paired	ILLUMINA	Illumina HiSeq 2500	Nextera Tagmentation	fastq	Princeton1-PL_16-MY1-trim-1.fq.gz	Princeton1-PL_16-MY1-trim-2.fq.gz
PRJNA318647	Andersen-ED3012	Princeton1-PL_17-ED3012	Princeton1-PL_17-ED3012	WGS	GENOMIC	RANDOM	paired	ILLUMINA	Illumina HiSeq 2500	Nextera Tagmentation	fastq	Princeton1-PL_17-ED3012-trim-1.fq.gz	Princeton1-PL_17-ED3012-trim-2.fq.gz
PRJNA318647	Andersen-ED3073	Princeton1-PL_17-ED3073	Princeton1-PL_17-ED3073	WGS	GENOMIC	RANDOM	paired	ILLUMINA	Illumina HiSeq 2500	Nextera Tagmentation	fastq	Princeton1-PL_17-ED3073-trim-1.fq.gz	Princeton1-PL_17-ED3073-trim-2.fq.gz
PRJNA318647	Andersen-EG4724	Princeton1-PL_17-EG4724	Princeton1-PL_17-EG4724	WGS	GENOMIC	RANDOM	paired	ILLUMINA	Illumina HiSeq 2500	Nextera Tagmentation	fastq	Princeton1-PL_17-EG4724-trim-1.fq.gz	Princeton1-PL_17-EG4724-trim-2.fq.gz
PRJNA318647	Andersen-JU1200	Princeton1-PL_17-JU1200	Princeton1-PL_17-JU1200	WGS	GENOMIC	RANDOM	paired	ILLUMINA	Illumina HiSeq 2500	Nextera Tagmentation	fastq	Princeton1-PL_17-JU1200-trim-1.fq.gz	Princeton1-PL_17-JU1200-trim-2.fq.gz
PRJNA318647	Andersen-JU310	Princeton1-PL_17-JU310	Princeton1-PL_17-JU310	WGS	GENOMIC	RANDOM	paired	ILLUMINA	Illumina HiSeq 2500	Nextera Tagmentation	fastq	Princeton1-PL_17-JU310-trim-1.fq.gz	Princeton1-PL_17-JU310-trim-2.fq.gz
PRJNA318647	Andersen-JU782	Princeton1-PL_17-JU782	Princeton1-PL_17-JU782	WGS	GENOMIC	RANDOM	paired	ILLUMINA	Illumina HiSeq 2500	Nextera Tagmentation	fastq	Princeton1-PL_17-JU782-trim-1.fq.gz	Princeton1-PL_17-JU782-trim-2.fq.gz
PRJNA318647	Andersen-JU642	Princeton1-PL_18-JU642	Princeton1-PL_18-JU642	WGS	GENOMIC	RANDOM	paired	ILLUMINA	Illumina HiSeq 2500	Nextera Tagmentation	fastq	Princeton1-PL_18-JU642-trim-1.fq.gz	Princeton1-PL_18-JU642-trim-2.fq.gz
PRJNA318647	Andersen-JU774	Princeton1-PL_18-JU774	Princeton1-PL_18-JU774	WGS	GENOMIC	RANDOM	paired	ILLUMINA	Illumina HiSeq 2500	Nextera Tagmentation	fastq	Princeton1-PL_18-JU774-trim-1.fq.gz	Princeton1-PL_18-JU774-trim-2.fq.gz
PRJNA318647	Andersen-MY10	Princeton1-PL_18-MY10	Princeton1-PL_18-MY10	WGS	GENOMIC	RANDOM	paired	ILLUMINA	Illumina HiSeq 2500	Nextera Tagmentation	fastq	Princeton1-PL_18-MY10-trim-1.fq.gz	Princeton1-PL_18-MY10-trim-2.fq.gz
PRJNA318647	Andersen-MY18	Princeton1-PL_18-MY18	Princeton1-PL_18-MY18	WGS	GENOMIC	RANDOM	paired	ILLUMINA	Illumina HiSeq 2500	Nextera Tagmentation	fastq	Princeton1-PL_18-MY18-trim-1.fq.gz	Princeton1-PL_18-MY18-trim-2.fq.gz
PRJNA318647	Andersen-PX179	Princeton1-PL_18-PX179	Princeton1-PL_18-PX179	WGS	GENOMIC	RANDOM	paired	ILLUMINA	Illumina HiSeq 2500	Nextera Tagmentation	fastq	Princeton1-PL_18-PX179-trim-1.fq.gz	Princeton1-PL_18-PX179-trim-2.fq.gz
PRJNA318647	Andersen-RC301	Princeton1-PL_18-RC301	Princeton1-PL_18-RC301	WGS	GENOMIC	RANDOM	paired	ILLUMINA	Illumina HiSeq 2500	Nextera Tagmentation	fastq	Princeton1-PL_18-RC301-trim-1.fq.gz	Princeton1-PL_18-RC301-trim-2.fq.gz
PRJNA318647	Andersen-JU642	Princeton1-PL_19-JU642	Princeton1-PL_19-JU642	WGS	GENOMIC	RANDOM	paired	ILLUMINA	Illumina HiSeq 2500	Nextera Tagmentation	fastq	Princeton1-PL_19-JU642-trim-1.fq.gz	Princeton1-PL_19-JU642-trim-2.fq.gz
PRJNA318647	Andersen-JU774	Princeton1-PL_19-JU774	Princeton1-PL_19-JU774	WGS	GENOMIC	RANDOM	paired	ILLUMINA	Illumina HiSeq 2500	Nextera Tagmentation	fastq	Princeton1-PL_19-JU774-trim-1.fq.gz	Princeton1-PL_19-JU774-trim-2.fq.gz
PRJNA318647	Andersen-MY10	Princeton1-PL_19-MY10	Princeton1-PL_19-MY10	WGS	GENOMIC	RANDOM	paired	ILLUMINA	Illumina HiSeq 2500	Nextera Tagmentation	fastq	Princeton1-PL_19-MY10-trim-1.fq.gz	Princeton1-PL_19-MY10-trim-2.fq.gz
PRJNA318647	Andersen-MY18	Princeton1-PL_19-MY18	Princeton1-PL_19-MY18	WGS	GENOMIC	RANDOM	paired	ILLUMINA	Illumina HiSeq 2500	Nextera Tagmentation	fastq	Princeton1-PL_19-MY18-trim-1.fq.gz	Princeton1-PL_19-MY18-trim-2.fq.gz
PRJNA318647	Andersen-PX179	Princeton1-PL_19-PX179	Princeton1-PL_19-PX179	WGS	GENOMIC	RANDOM	paired	ILLUMINA	Illumina HiSeq 2500	Nextera Tagmentation	fastq	Princeton1-PL_19-PX179-trim-1.fq.gz	Princeton1-PL_19-PX179-trim-2.fq.gz
PRJNA318647	Andersen-RC301	Princeton1-PL_19-RC301	Princeton1-PL_19-RC301	WGS	GENOMIC	RANDOM	paired	ILLUMINA	Illumina HiSeq 2500	Nextera Tagmentation	fastq	Princeton1-PL_19-RC301-trim-1.fq.gz	Princeton1-PL_19-RC301-trim-2.fq.gz
PRJNA318647	Andersen-JU1409	Princeton1-PL_2-JU1409	Princeton1-PL_2-JU1409	WGS	GENOMIC	RANDOM	paired	ILLUMINA	Illumina HiSeq 2500	Nextera Tagmentation	fastq	Princeton1-PL_2-JU1409-trim-1.fq.gz	Princeton1-PL_2-JU1409-trim-2.fq.gz
PRJNA318647	Andersen-EG4724	Princeton1-PL_20-EG4724	Princeton1-PL_20-EG4724	WGS	GENOMIC	RANDOM	paired	ILLUMINA	Illumina HiSeq 2500	Nextera Tagmentation	fastq	Princeton1-PL_20-EG4724-trim-1.fq.gz	Princeton1-PL_20-EG4724-trim-2.fq.gz
PRJNA318647	Andersen-EG4725	Princeton1-PL_20-EG4725	Princeton1-PL_20-EG4725	WGS	GENOMIC	RANDOM	paired	ILLUMINA	Illumina HiSeq 2500	Nextera Tagmentation	fastq	Princeton1-PL_20-EG4725-trim-1.fq.gz	Princeton1-PL_20-EG4725-trim-2.fq.gz
PRJNA318647	Andersen-JU310	Princeton1-PL_20-JU310	Princeton1-PL_20-JU310	WGS	GENOMIC	RANDOM	paired	ILLUMINA	Illumina HiSeq 2500	Nextera Tagmentation	fastq	Princeton1-PL_20-JU310-trim-1.fq.gz	Princeton1-PL_20-JU310-trim-2.fq.gz
PRJNA318647	Andersen-KR314	Princeton1-PL_20-KR314	Princeton1-PL_20-KR314	WGS	GENOMIC	RANDOM	paired	ILLUMINA	Illumina HiSeq 2500	Nextera Tagmentation	fastq	Princeton1-PL_20-KR314-trim-1.fq.gz	Princeton1-PL_20-KR314-trim-2.fq.gz
PRJNA318647	Andersen-CX11271	Princeton1-PL_21-CX11271	Princeton1-PL_21-CX11271	WGS	GENOMIC	RANDOM	paired	ILLUMINA	Illumina HiSeq 2500	Nextera Tagmentation	fastq	Princeton1-PL_21-CX11271-trim-1.fq.gz	Princeton1-PL_21-CX11271-trim-2.fq.gz
PRJNA318647	Andersen-DL238	Princeton1-PL_21-DL238	Princeton1-PL_21-DL238	WGS	GENOMIC	RANDOM	paired	ILLUMINA	Illumina HiSeq 2500	Nextera Tagmentation	fastq	Princeton1-PL_21-DL238-trim-1.fq.gz	Princeton1-PL_21-DL238-trim-2.fq.gz
PRJNA318647	Andersen-JU1200	Princeton1-PL_21-JU1200	Princeton1-PL_21-JU1200	WGS	GENOMIC	RANDOM	paired	ILLUMINA	Illumina HiSeq 2500	Nextera Tagmentation	fastq	Princeton1-PL_21-JU1200-trim-1.fq.gz	Princeton1-PL_21-JU1200-trim-2.fq.gz
PRJNA318647	Andersen-JU782	Princeton1-PL_21-JU782	Princeton1-PL_21-JU782	WGS	GENOMIC	RANDOM	paired	ILLUMINA	Illumina HiSeq 2500	Nextera Tagmentation	fastq	Princeton1-PL_21-JU782-trim-1.fq.gz	Princeton1-PL_21-JU782-trim-2.fq.gz
PRJNA318647	Andersen-QG537	Princeton1-PL_21-QG537	Princeton1-PL_21-QG537	WGS	GENOMIC	RANDOM	paired	ILLUMINA	Illumina HiSeq 2500	Nextera Tagmentation	fastq	Princeton1-PL_21-QG537-trim-1.fq.gz	Princeton1-PL_21-QG537-trim-2.fq.gz
PRJNA318647	Andersen-QX1214	Princeton1-PL_21-QX1214	Princeton1-PL_21-QX1214	WGS	GENOMIC	RANDOM	paired	ILLUMINA	Illumina HiSeq 2500	Nextera Tagmentation	fastq	Princeton1-PL_21-QX1214-trim-1.fq.gz	Princeton1-PL_21-QX1214-trim-2.fq.gz
PRJNA318647	Andersen-ECA243	Princeton1-PL_22-CB4851	Princeton1-PL_22-CB4851	WGS	GENOMIC	RANDOM	paired	ILLUMINA	Illumina HiSeq 2500	Nextera Tagmentation	fastq	Princeton1-PL_22-CB4851-trim-1.fq.gz	Princeton1-PL_22-CB4851-trim-2.fq.gz
PRJNA318647	Andersen-JU1409	Princeton1-PL_22-JU1409	Princeton1-PL_22-JU1409	WGS	GENOMIC	RANDOM	paired	ILLUMINA	Illumina HiSeq 2500	Nextera Tagmentation	fastq	Princeton1-PL_22-JU1409-trim-1.fq.gz	Princeton1-PL_22-JU1409-trim-2.fq.gz
PRJNA318647	Andersen-MY16	Princeton1-PL_22-MY16	Princeton1-PL_22-MY16	WGS	GENOMIC	RANDOM	paired	ILLUMINA	Illumina HiSeq 2500	Nextera Tagmentation	fastq	Princeton1-PL_22-MY16-trim-1.fq.gz	Princeton1-PL_22-MY16-trim-2.fq.gz
PRJNA318647	Andersen-PB303	Princeton1-PL_22-PB303	Princeton1-PL_22-PB303	WGS	GENOMIC	RANDOM	paired	ILLUMINA	Illumina HiSeq 2500	Nextera Tagmentation	fastq	Princeton1-PL_22-PB303-trim-1.fq.gz	Princeton1-PL_22-PB303-trim-2.fq.gz
PRJNA318647	Andersen-PS2025	Princeton1-PL_22-PS2025	Princeton1-PL_22-PS2025	WGS	GENOMIC	RANDOM	paired	ILLUMINA	Illumina HiSeq 2500	Nextera Tagmentation	fastq	Princeton1-PL_22-PS2025-trim-1.fq.gz	Princeton1-PL_22-PS2025-trim-2.fq.gz
PRJNA318647	Andersen-QX1233	Princeton1-PL_22-QX1233	Princeton1-PL_22-QX1233	WGS	GENOMIC	RANDOM	paired	ILLUMINA	Illumina HiSeq 2500	Nextera Tagmentation	fastq	Princeton1-PL_22-QX1233-trim-1.fq.gz	Princeton1-PL_22-QX1233-trim-2.fq.gz
PRJNA318647	Andersen-ECA243	Princeton1-PL_23-CB4851	Princeton1-PL_23-CB4851	WGS	GENOMIC	RANDOM	paired	ILLUMINA	Illumina HiSeq 2500	Nextera Tagmentation	fastq	Princeton1-PL_23-CB4851-trim-1.fq.gz	Princeton1-PL_23-CB4851-trim-2.fq.gz
PRJNA318647	Andersen-ED3017	Princeton1-PL_23-ED3017	Princeton1-PL_23-ED3017	WGS	GENOMIC	RANDOM	paired	ILLUMINA	Illumina HiSeq 2500	Nextera Tagmentation	fastq	Princeton1-PL_23-ED3017-trim-1.fq.gz	Princeton1-PL_23-ED3017-trim-2.fq.gz
PRJNA318647	Andersen-ED3077	Princeton1-PL_23-ED3077	Princeton1-PL_23-ED3077	WGS	GENOMIC	RANDOM	paired	ILLUMINA	Illumina HiSeq 2500	Nextera Tagmentation	fastq	Princeton1-PL_23-ED3077-trim-1.fq.gz	Princeton1-PL_23-ED3077-trim-2.fq.gz
PRJNA318647	Andersen-EG4724	Princeton1-PL_24-EG4724	Princeton1-PL_24-EG4724	WGS	GENOMIC	RANDOM	paired	ILLUMINA	Illumina HiSeq 2500	Nextera Tagmentation	fastq	Princeton1-PL_24-EG4724-trim-1.fq.gz	Princeton1-PL_24-EG4724-trim-2.fq.gz
PRJNA318647	Andersen-JU1200	Princeton1-PL_24-JU1200	Princeton1-PL_24-JU1200	WGS	GENOMIC	RANDOM	paired	ILLUMINA	Illumina HiSeq 2500	Nextera Tagmentation	fastq	Princeton1-PL_24-JU1200-trim-1.fq.gz	Princeton1-PL_24-JU1200-trim-2.fq.gz
PRJNA318647	Andersen-JU310	Princeton1-PL_24-JU310	Princeton1-PL_24-JU310	WGS	GENOMIC	RANDOM	paired	ILLUMINA	Illumina HiSeq 2500	Nextera Tagmentation	fastq	Princeton1-PL_24-JU310-trim-1.fq.gz	Princeton1-PL_24-JU310-trim-2.fq.gz
PRJNA318647	Andersen-JU782	Princeton1-PL_24-JU782	Princeton1-PL_24-JU782	WGS	GENOMIC	RANDOM	paired	ILLUMINA	Illumina HiSeq 2500	Nextera Tagmentation	fastq	Princeton1-PL_24-JU782-trim-1.fq.gz	Princeton1-PL_24-JU782-trim-2.fq.gz
PRJNA318647	Andersen-ECA248	Princeton1-PL_3-CB4855	Princeton1-PL_3-CB4855	WGS	GENOMIC	RANDOM	paired	ILLUMINA	Illumina HiSeq 2500	Nextera Tagmentation	fastq	Princeton1-PL_3-CB4855-trim-1.fq.gz	Princeton1-PL_3-CB4855-trim-2.fq.gz
PRJNA318647	Andersen-GXW1	Princeton1-PL_3-GXW1	Princeton1-PL_3-GXW1	WGS	GENOMIC	RANDOM	paired	ILLUMINA	Illumina HiSeq 2500	Nextera Tagmentation	fastq	Princeton1-PL_3-GXW1-trim-1.fq.gz	Princeton1-PL_3-GXW1-trim-2.fq.gz
PRJNA318647	Andersen-JU2001	Princeton1-PL_3-JU2001	Princeton1-PL_3-JU2001	WGS	GENOMIC	RANDOM	paired	ILLUMINA	Illumina HiSeq 2500	Nextera Tagmentation	fastq	Princeton1-PL_3-JU2001-trim-1.fq.gz	Princeton1-PL_3-JU2001-trim-2.fq.gz
PRJNA318647	Andersen-JU315	Princeton1-PL_3-JU315	Princeton1-PL_3-JU315	WGS	GENOMIC	RANDOM	paired	ILLUMINA	Illumina HiSeq 2500	Nextera Tagmentation	fastq	Princeton1-PL_3-JU315-trim-1.fq.gz	Princeton1-PL_3-JU315-trim-2.fq.gz
PRJNA318647	Andersen-NIC1	Princeton1-PL_3-NIC1	Princeton1-PL_3-NIC1	WGS	GENOMIC	RANDOM	paired	ILLUMINA	Illumina HiSeq 2500	Nextera Tagmentation	fastq	Princeton1-PL_3-NIC1-trim-1.fq.gz	Princeton1-PL_3-NIC1-trim-2.fq.gz
PRJNA318647	Andersen-QG538	Princeton1-PL_3-QG538	Princeton1-PL_3-QG538	WGS	GENOMIC	RANDOM	paired	ILLUMINA	Illumina HiSeq 2500	Nextera Tagmentation	fastq	Princeton1-PL_3-QG538-trim-1.fq.gz	Princeton1-PL_3-QG538-trim-2.fq.gz
PRJNA318647	Andersen-QX1791	Princeton1-PL_3-QX1791	Princeton1-PL_3-QX1791	WGS	GENOMIC	RANDOM	paired	ILLUMINA	Illumina HiSeq 2500	Nextera Tagmentation	fastq	Princeton1-PL_3-QX1791-trim-1.fq.gz	Princeton1-PL_3-QX1791-trim-2.fq.gz
PRJNA318647	Andersen-WN2001	Princeton1-PL_3-WN2001	Princeton1-PL_3-WN2001	WGS	GENOMIC	RANDOM	paired	ILLUMINA	Illumina HiSeq 2500	Nextera Tagmentation	fastq	Princeton1-PL_3-WN2001-trim-1.fq.gz	Princeton1-PL_3-WN2001-trim-2.fq.gz
PRJNA318647	Andersen-ECA248	Princeton1-PL_4-CB4855	Princeton1-PL_4-CB4855	WGS	GENOMIC	RANDOM	paired	ILLUMINA	Illumina HiSeq 2500	Nextera Tagmentation	fastq	Princeton1-PL_4-CB4855-trim-1.fq.gz	Princeton1-PL_4-CB4855-trim-2.fq.gz
PRJNA318647	Andersen-GXW1	Princeton1-PL_4-GXW1	Princeton1-PL_4-GXW1	WGS	GENOMIC	RANDOM	paired	ILLUMINA	Illumina HiSeq 2500	Nextera Tagmentation	fastq	Princeton1-PL_4-GXW1-trim-1.fq.gz	Princeton1-PL_4-GXW1-trim-2.fq.gz
PRJNA318647	Andersen-JU2001	Princeton1-PL_4-JU2001	Princeton1-PL_4-JU2001	WGS	GENOMIC	RANDOM	paired	ILLUMINA	Illumina HiSeq 2500	Nextera Tagmentation	fastq	Princeton1-PL_4-JU2001-trim-1.fq.gz	Princeton1-PL_4-JU2001-trim-2.fq.gz
PRJNA318647	Andersen-JU315	Princeton1-PL_4-JU315	Princeton1-PL_4-JU315	WGS	GENOMIC	RANDOM	paired	ILLUMINA	Illumina HiSeq 2500	Nextera Tagmentation	fastq	Princeton1-PL_4-JU315-trim-1.fq.gz	Princeton1-PL_4-JU315-trim-2.fq.gz
PRJNA318647	Andersen-NIC1	Princeton1-PL_4-NIC1	Princeton1-PL_4-NIC1	WGS	GENOMIC	RANDOM	paired	ILLUMINA	Illumina HiSeq 2500	Nextera Tagmentation	fastq	Princeton1-PL_4-NIC1-trim-1.fq.gz	Princeton1-PL_4-NIC1-trim-2.fq.gz
PRJNA318647	Andersen-QG538	Princeton1-PL_4-QG538	Princeton1-PL_4-QG538	WGS	GENOMIC	RANDOM	paired	ILLUMINA	Illumina HiSeq 2500	Nextera Tagmentation	fastq	Princeton1-PL_4-QG538-trim-1.fq.gz	Princeton1-PL_4-QG538-trim-2.fq.gz
PRJNA318647	Andersen-QX1791	Princeton1-PL_4-QX1791	Princeton1-PL_4-QX1791	WGS	GENOMIC	RANDOM	paired	ILLUMINA	Illumina HiSeq 2500	Nextera Tagmentation	fastq	Princeton1-PL_4-QX1791-trim-1.fq.gz	Princeton1-PL_4-QX1791-trim-2.fq.gz
PRJNA318647	Andersen-WN2001	Princeton1-PL_4-WN2001	Princeton1-PL_4-WN2001	WGS	GENOMIC	RANDOM	paired	ILLUMINA	Illumina HiSeq 2500	Nextera Tagmentation	fastq	Princeton1-PL_4-WN2001-trim-1.fq.gz	Princeton1-PL_4-WN2001-trim-2.fq.gz
PRJNA318647	Andersen-JU1516	Princeton1-PL_5-JU1516	Princeton1-PL_5-JU1516	WGS	GENOMIC	RANDOM	paired	ILLUMINA	Illumina HiSeq 2500	Nextera Tagmentation	fastq	Princeton1-PL_5-JU1516-trim-1.fq.gz	Princeton1-PL_5-JU1516-trim-2.fq.gz
PRJNA318647	Andersen-JU2007	Princeton1-PL_5-JU2007	Princeton1-PL_5-JU2007	WGS	GENOMIC	RANDOM	paired	ILLUMINA	Illumina HiSeq 2500	Nextera Tagmentation	fastq	Princeton1-PL_5-JU2007-trim-1.fq.gz	Princeton1-PL_5-JU2007-trim-2.fq.gz
PRJNA318647	Andersen-NIC2	Princeton1-PL_5-NIC2	Princeton1-PL_5-NIC2	WGS	GENOMIC	RANDOM	paired	ILLUMINA	Illumina HiSeq 2500	Nextera Tagmentation	fastq	Princeton1-PL_5-NIC2-trim-1.fq.gz	Princeton1-PL_5-NIC2-trim-2.fq.gz
PRJNA318647	Andersen-NIC3	Princeton1-PL_5-NIC3	Princeton1-PL_5-NIC3	WGS	GENOMIC	RANDOM	paired	ILLUMINA	Illumina HiSeq 2500	Nextera Tagmentation	fastq	Princeton1-PL_5-NIC3-trim-1.fq.gz	Princeton1-PL_5-NIC3-trim-2.fq.gz
PRJNA318647	Andersen-QX1212	Princeton1-PL_5-QX1212	Princeton1-PL_5-QX1212	WGS	GENOMIC	RANDOM	paired	ILLUMINA	Illumina HiSeq 2500	Nextera Tagmentation	fastq	Princeton1-PL_5-QX1212-trim-1.fq.gz	Princeton1-PL_5-QX1212-trim-2.fq.gz
PRJNA318647	Andersen-QX1213	Princeton1-PL_5-QX1213	Princeton1-PL_5-QX1213	WGS	GENOMIC	RANDOM	paired	ILLUMINA	Illumina HiSeq 2500	Nextera Tagmentation	fastq	Princeton1-PL_5-QX1213-trim-1.fq.gz	Princeton1-PL_5-QX1213-trim-2.fq.gz
PRJNA318647	Andersen-QX1792	Princeton1-PL_5-QX1792	Princeton1-PL_5-QX1792	WGS	GENOMIC	RANDOM	paired	ILLUMINA	Illumina HiSeq 2500	Nextera Tagmentation	fastq	Princeton1-PL_5-QX1792-trim-1.fq.gz	Princeton1-PL_5-QX1792-trim-2.fq.gz
PRJNA318647	Andersen-JU1516	Princeton1-PL_6-JU1516	Princeton1-PL_6-JU1516	WGS	GENOMIC	RANDOM	paired	ILLUMINA	Illumina HiSeq 2500	Nextera Tagmentation	fastq	Princeton1-PL_6-JU1516-trim-1.fq.gz	Princeton1-PL_6-JU1516-trim-2.fq.gz
PRJNA318647	Andersen-JU2007	Princeton1-PL_6-JU2007	Princeton1-PL_6-JU2007	WGS	GENOMIC	RANDOM	paired	ILLUMINA	Illumina HiSeq 2500	Nextera Tagmentation	fastq	Princeton1-PL_6-JU2007-trim-1.fq.gz	Princeton1-PL_6-JU2007-trim-2.fq.gz
PRJNA318647	Andersen-NIC2	Princeton1-PL_6-NIC2	Princeton1-PL_6-NIC2	WGS	GENOMIC	RANDOM	paired	ILLUMINA	Illumina HiSeq 2500	Nextera Tagmentation	fastq	Princeton1-PL_6-NIC2-trim-1.fq.gz	Princeton1-PL_6-NIC2-trim-2.fq.gz
PRJNA318647	Andersen-NIC3	Princeton1-PL_6-NIC3	Princeton1-PL_6-NIC3	WGS	GENOMIC	RANDOM	paired	ILLUMINA	Illumina HiSeq 2500	Nextera Tagmentation	fastq	Princeton1-PL_6-NIC3-trim-1.fq.gz	Princeton1-PL_6-NIC3-trim-2.fq.gz
PRJNA318647	Andersen-QX1212	Princeton1-PL_6-QX1212	Princeton1-PL_6-QX1212	WGS	GENOMIC	RANDOM	paired	ILLUMINA	Illumina HiSeq 2500	Nextera Tagmentation	fastq	Princeton1-PL_6-QX1212-trim-1.fq.gz	Princeton1-PL_6-QX1212-trim-2.fq.gz
PRJNA318647	Andersen-QX1213	Princeton1-PL_6-QX1213	Princeton1-PL_6-QX1213	WGS	GENOMIC	RANDOM	paired	ILLUMINA	Illumina HiSeq 2500	Nextera Tagmentation	fastq	Princeton1-PL_6-QX1213-trim-1.fq.gz	Princeton1-PL_6-QX1213-trim-2.fq.gz
PRJNA318647	Andersen-QX1792	Princeton1-PL_6-QX1792	Princeton1-PL_6-QX1792	WGS	GENOMIC	RANDOM	paired	ILLUMINA	Illumina HiSeq 2500	Nextera Tagmentation	fastq	Princeton1-PL_6-QX1792-trim-1.fq.gz	Princeton1-PL_6-QX1792-trim-2.fq.gz
PRJNA318647	Andersen-NIC4	Princeton1-PL_7-NIC4	Princeton1-PL_7-NIC4	WGS	GENOMIC	RANDOM	paired	ILLUMINA	Illumina HiSeq 2500	Nextera Tagmentation	fastq	Princeton1-PL_7-NIC4-trim-1.fq.gz	Princeton1-PL_7-NIC4-trim-2.fq.gz
PRJNA318647	Andersen-QG536	Princeton1-PL_7-QG536	Princeton1-PL_7-QG536	WGS	GENOMIC	RANDOM	paired	ILLUMINA	Illumina HiSeq 2500	Nextera Tagmentation	fastq	Princeton1-PL_7-QG536-trim-1.fq.gz	Princeton1-PL_7-QG536-trim-2.fq.gz
PRJNA318647	Andersen-QG537	Princeton1-PL_7-QG537	Princeton1-PL_7-QG537	WGS	GENOMIC	RANDOM	paired	ILLUMINA	Illumina HiSeq 2500	Nextera Tagmentation	fastq	Princeton1-PL_7-QG537-trim-1.fq.gz	Princeton1-PL_7-QG537-trim-2.fq.gz
PRJNA318647	Andersen-QX1214	Princeton1-PL_7-QX1214	Princeton1-PL_7-QX1214	WGS	GENOMIC	RANDOM	paired	ILLUMINA	Illumina HiSeq 2500	Nextera Tagmentation	fastq	Princeton1-PL_7-QX1214-trim-1.fq.gz	Princeton1-PL_7-QX1214-trim-2.fq.gz
PRJNA318647	Andersen-QX1215	Princeton1-PL_7-QX1215	Princeton1-PL_7-QX1215	WGS	GENOMIC	RANDOM	paired	ILLUMINA	Illumina HiSeq 2500	Nextera Tagmentation	fastq	Princeton1-PL_7-QX1215-trim-1.fq.gz	Princeton1-PL_7-QX1215-trim-2.fq.gz
PRJNA318647	Andersen-QX1793	Princeton1-PL_7-QX1793	Princeton1-PL_7-QX1793	WGS	GENOMIC	RANDOM	paired	ILLUMINA	Illumina HiSeq 2500	Nextera Tagmentation	fastq	Princeton1-PL_7-QX1793-trim-1.fq.gz	Princeton1-PL_7-QX1793-trim-2.fq.gz
PRJNA318647	Andersen-NIC4	Princeton1-PL_8-NIC4	Princeton1-PL_8-NIC4	WGS	GENOMIC	RANDOM	paired	ILLUMINA	Illumina HiSeq 2500	Nextera Tagmentation	fastq	Princeton1-PL_8-NIC4-trim-1.fq.gz	Princeton1-PL_8-NIC4-trim-2.fq.gz
PRJNA318647	Andersen-QG536	Princeton1-PL_8-QG536	Princeton1-PL_8-QG536	WGS	GENOMIC	RANDOM	paired	ILLUMINA	Illumina HiSeq 2500	Nextera Tagmentation	fastq	Princeton1-PL_8-QG536-trim-1.fq.gz	Princeton1-PL_8-QG536-trim-2.fq.gz
PRJNA318647	Andersen-QG537	Princeton1-PL_8-QG537	Princeton1-PL_8-QG537	WGS	GENOMIC	RANDOM	paired	ILLUMINA	Illumina HiSeq 2500	Nextera Tagmentation	fastq	Princeton1-PL_8-QG537-trim-1.fq.gz	Princeton1-PL_8-QG537-trim-2.fq.gz
PRJNA318647	Andersen-QX1214	Princeton1-PL_8-QX1214	Princeton1-PL_8-QX1214	WGS	GENOMIC	RANDOM	paired	ILLUMINA	Illumina HiSeq 2500	Nextera Tagmentation	fastq	Princeton1-PL_8-QX1214-trim-1.fq.gz	Princeton1-PL_8-QX1214-trim-2.fq.gz
PRJNA318647	Andersen-QX1215	Princeton1-PL_8-QX1215	Princeton1-PL_8-QX1215	WGS	GENOMIC	RANDOM	paired	ILLUMINA	Illumina HiSeq 2500	Nextera Tagmentation	fastq	Princeton1-PL_8-QX1215-trim-1.fq.gz	Princeton1-PL_8-QX1215-trim-2.fq.gz
PRJNA318647	Andersen-QX1793	Princeton1-PL_8-QX1793	Princeton1-PL_8-QX1793	WGS	GENOMIC	RANDOM	paired	ILLUMINA	Illumina HiSeq 2500	Nextera Tagmentation	fastq	Princeton1-PL_8-QX1793-trim-1.fq.gz	Princeton1-PL_8-QX1793-trim-2.fq.gz
PRJNA318647	Andersen-JU1400	Princeton1-PL_9-JU1400	Princeton1-PL_9-JU1400	WGS	GENOMIC	RANDOM	paired	ILLUMINA	Illumina HiSeq 2500	Nextera Tagmentation	fastq	Princeton1-PL_9-JU1400-trim-1.fq.gz	Princeton1-PL_9-JU1400-trim-2.fq.gz
PRJNA318647	Andersen-JU346	Princeton1-PL_9-JU346	Princeton1-PL_9-JU346	WGS	GENOMIC	RANDOM	paired	ILLUMINA	Illumina HiSeq 2500	Nextera Tagmentation	fastq	Princeton1-PL_9-JU346-trim-1.fq.gz	Princeton1-PL_9-JU346-trim-2.fq.gz
PRJNA318647	Andersen-JU440	Princeton1-PL_9-JU440	Princeton1-PL_9-JU440	WGS	GENOMIC	RANDOM	paired	ILLUMINA	Illumina HiSeq 2500	Nextera Tagmentation	fastq	Princeton1-PL_9-JU440-trim-1.fq.gz	Princeton1-PL_9-JU440-trim-2.fq.gz
PRJNA318647	Andersen-JU775	Princeton1-PL_9-JU775	Princeton1-PL_9-JU775	WGS	GENOMIC	RANDOM	paired	ILLUMINA	Illumina HiSeq 2500	Nextera Tagmentation	fastq	Princeton1-PL_9-JU775-trim-1.fq.gz	Princeton1-PL_9-JU775-trim-2.fq.gz
PRJNA318647	Andersen-LKC34	Princeton1-PL_9-LKC34	Princeton1-PL_9-LKC34	WGS	GENOMIC	RANDOM	paired	ILLUMINA	Illumina HiSeq 2500	Nextera Tagmentation	fastq	Princeton1-PL_9-LKC34-trim-1.fq.gz	Princeton1-PL_9-LKC34-trim-2.fq.gz
PRJNA318647	Andersen-ECA259	Princeton1-PL_9-PB306	Princeton1-PL_9-PB306	WGS	GENOMIC	RANDOM	paired	ILLUMINA	Illumina HiSeq 2500	Nextera Tagmentation	fastq	Princeton1-PL_9-PB306-trim-1.fq.gz	Princeton1-PL_9-PB306-trim-2.fq.gz
PRJNA318647	Andersen-CB4856	Princeton2-P-CB4856	Princeton2-P-CB4856	WGS	GENOMIC	RANDOM	paired	ILLUMINA	Illumina HiSeq 2500	Nextera Tagmentation	fastq	Princeton2-P-CB4856-trim-1.fq.gz	Princeton2-P-CB4856-trim-2.fq.gz
PRJNA318647	Andersen-DL238	Princeton2-P-DL238	Princeton2-P-DL238	WGS	GENOMIC	RANDOM	paired	ILLUMINA	Illumina HiSeq 2500	Nextera Tagmentation	fastq	Princeton2-P-DL238-trim-1.fq.gz	Princeton2-P-DL238-trim-2.fq.gz
PRJNA318647	Andersen-ECA253	Princeton2-P-ECA253	Princeton2-P-ECA253	WGS	GENOMIC	RANDOM	paired	ILLUMINA	Illumina HiSeq 2500	Nextera Tagmentation	fastq	Princeton2-P-ECA253-trim-1.fq.gz	Princeton2-P-ECA253-trim-2.fq.gz
PRJNA318647	Andersen-JU258	Princeton2-P-JU258	Princeton2-P-JU258	WGS	GENOMIC	RANDOM	paired	ILLUMINA	Illumina HiSeq 2500	Nextera Tagmentation	fastq	Princeton2-P-JU258-trim-1.fq.gz	Princeton2-P-JU258-trim-2.fq.gz
PRJNA318647	Andersen-MY23	Princeton2-P-MY23	Princeton2-P-MY23	WGS	GENOMIC	RANDOM	paired	ILLUMINA	Illumina HiSeq 2500	Nextera Tagmentation	fastq	Princeton2-P-MY23-trim-1.fq.gz	Princeton2-P-MY23-trim-2.fq.gz
